transition_id,profile_id,source_company_id,target_company_id
1,1,602,603
2,2,604,605
3,3,606,607
4,3,607,608
5,4,834,835
6,4,835,836
7,5,425,426
8,5,426,427
9,5,427,428
10,7,429,430
11,7,430,431
12,8,609,173
13,9,610,611
14,9,611,7
15,10,432,31
16,13,613,614
17,13,614,1
18,14,169,6
19,14,6,1
20,15,837,96
21,15,96,199
22,15,199,838
23,15,838,839
24,15,839,1
25,16,615,616
26,16,616,615
27,16,615,616
28,16,616,617
29,16,617,7
30,16,7,618
31,16,618,1
32,17,549,550
33,17,550,473
34,17,473,1
35,18,22,619
36,18,619,1
37,19,840,841
38,19,841,1
39,20,620,1
40,21,621,622
41,21,622,1
42,22,623,624
43,22,624,625
44,22,625,1
45,23,626,168
46,23,168,1
47,24,627,7
48,24,7,628
49,24,628,1
50,25,629,23
51,25,23,1
52,26,630,631
53,26,631,632
54,26,632,1
55,27,90,91
56,27,91,11
57,27,11,1
58,28,559,560
59,28,560,561
60,28,561,562
61,28,562,192
62,28,192,1
63,29,586,587
64,29,587,588
65,29,588,7
66,29,7,589
67,29,589,1
68,30,633,634
69,30,634,154
70,30,154,436
71,30,436,635
72,30,635,1
73,31,153,154
74,31,154,1
75,32,94,95
76,32,95,1
77,33,280,153
78,33,153,281
79,33,281,282
80,33,282,1
81,34,636,637
82,34,637,638
83,34,638,1
84,35,542,56
85,35,56,543
86,35,543,544
87,35,544,1
88,36,639,1
89,37,640,641
90,37,641,642
91,37,642,643
92,37,643,644
93,37,644,7
94,37,7,1
95,37,1,8
96,37,8,645
97,37,645,1
98,38,646,647
99,38,647,648
100,38,648,649
101,38,649,650
102,38,650,651
103,38,651,652
104,38,652,1
105,39,272,273
106,39,273,33
107,39,33,274
108,39,274,1
109,40,575,576
110,40,576,577
111,40,577,578
112,40,578,576
113,40,576,579
114,40,579,580
115,40,580,581
116,40,581,582
117,40,582,583
118,40,583,1
119,41,653,191
120,41,191,654
121,41,654,1
122,42,9,1
123,43,655,656
124,43,656,657
125,43,657,8
126,43,8,656
127,43,656,658
128,43,658,659
129,43,659,656
130,43,656,660
131,43,660,661
132,43,661,1
133,44,584,585
134,44,585,1
135,45,662,663
136,45,663,7
137,45,7,664
138,45,664,1
139,46,665,666
140,46,666,134
141,46,134,1
142,47,667,115
143,47,115,1
144,48,538,1
145,49,8,150
146,49,150,7
147,49,7,668
148,49,668,1
149,50,539,274
150,50,274,1
151,51,99,100
152,51,100,9
153,51,9,100
154,51,100,101
155,51,101,6
156,51,6,102
157,51,102,1
158,54,671,672
159,56,441,673
160,57,674,675
161,57,675,531
162,58,676,677
163,58,677,678
164,58,678,673
165,60,679,680
166,60,680,20
167,60,20,673
168,63,97,681
169,63,681,682
170,63,682,683
171,65,433,434
172,65,434,435
173,65,435,436
174,65,436,19
175,66,684,685
176,67,437,438
177,69,686,687
178,69,687,19
179,69,19,22
180,70,688,689
181,70,689,22
182,71,690,691
183,71,691,692
184,71,692,22
185,73,19,23
186,73,23,66
187,74,693,694
188,75,439,440
189,75,440,441
190,75,441,442
191,75,442,443
192,77,695,696
193,78,445,446
194,78,446,447
195,78,447,446
196,78,446,448
197,79,449,450
198,79,450,451
199,79,451,452
200,81,453,454
201,81,454,455
202,81,455,456
203,81,456,457
204,81,457,458
205,86,700,22
206,86,22,701
207,86,701,702
208,87,20,703
209,87,703,704
210,87,704,705
211,87,705,706
212,88,249,707
213,88,707,708
214,88,708,709
215,89,460,461
216,90,710,696
217,90,696,307
218,90,307,292
219,90,292,53
220,90,53,711
221,91,462,463
222,91,463,8
223,91,8,462
224,92,712,713
225,92,713,714
226,92,714,8
227,93,464,465
228,93,465,466
229,93,466,467
230,94,715,716
231,95,717,703
232,97,718,719
233,97,719,720
234,97,720,721
235,97,721,722
236,99,724,673
237,99,673,725
238,100,726,169
239,101,19,727
240,101,727,169
241,102,23,468
242,102,468,19
243,102,19,169
244,103,728,729
245,103,729,169
246,106,731,732
247,106,732,23
248,107,733,23
249,108,220,734
250,108,734,23
251,109,735,736
252,110,737,736
253,111,22,54
254,112,738,739
255,112,739,153
256,112,153,738
257,112,738,740
258,112,740,117
259,112,117,741
260,112,741,1
261,118,744,745
262,118,745,746
263,118,746,744
264,119,471,23
265,119,23,472
266,119,472,473
267,120,474,475
268,120,475,476
269,120,476,477
270,120,477,478
271,122,479,480
272,122,480,481
273,122,481,482
274,123,748,749
275,123,749,750
276,123,750,751
277,123,751,752
278,123,752,753
279,123,753,135
280,123,135,8
281,123,8,10
282,124,754,175
283,124,175,9
284,127,483,484
285,128,485,486
286,128,486,487
287,129,756,757
288,129,757,758
289,131,759,730
290,131,730,760
291,132,761,762
292,137,764,765
293,142,767,768
294,142,768,769
295,155,489,23
296,155,23,490
297,155,490,491
298,156,771,772
299,161,492,493
300,161,493,494
301,161,494,495
302,161,495,494
303,161,494,496
304,161,496,497
305,161,497,498
306,164,776,777
307,165,499,500
308,165,500,501
309,165,501,502
310,168,778,779
311,169,780,781
312,169,781,782
313,169,782,783
314,173,506,507
315,173,507,508
316,174,509,510
317,174,510,19
318,174,19,511
319,175,786,787
320,175,787,788
321,175,788,789
322,176,790,791
323,176,791,673
324,176,673,792
325,177,793,792
326,178,4,238
327,181,796,797
328,182,512,513
329,182,513,512
330,182,512,514
331,182,514,515
332,184,516,517
333,185,799,800
334,185,800,799
335,187,518,519
336,187,519,520
337,190,802,803
338,190,803,804
339,190,804,19
340,193,805,19
341,194,806,807
342,194,807,19
343,195,54,808
344,195,808,19
345,196,19,521
346,198,21,810
347,200,522,523
348,200,523,524
349,201,811,812
350,201,812,813
351,201,813,24
352,201,24,811
353,201,811,24
354,202,815,816
355,205,525,526
356,206,819,820
357,207,821,51
358,208,21,51
359,209,822,51
360,210,823,824
361,210,824,825
362,210,825,826
363,213,827,828
364,214,684,20
365,215,529,530
366,215,530,531
367,215,531,532
368,217,490,830
369,217,830,831
370,218,844,845
371,218,845,846
372,218,846,847
373,218,847,848
374,218,848,849
375,219,850,851
376,220,852,348
377,220,348,853
378,220,853,854
379,220,854,855
380,221,856,857
381,221,857,858
382,222,859,860
383,223,861,862
384,223,862,863
385,223,863,864
386,223,864,865
387,224,866,1
388,224,1,867
389,225,868,869
390,225,869,870
391,226,871,23
392,226,23,872
393,226,872,873
394,226,873,874
395,226,874,875
396,227,876,877
397,227,877,878
398,227,878,879
399,228,880,9
400,228,9,881
401,228,881,3
402,228,3,882
403,228,882,1
404,229,883,884
405,230,885,96
406,230,96,886
407,231,1,887
408,232,888,889
409,232,889,306
410,232,306,324
411,232,324,890
412,233,891,892
413,234,893,894
414,234,894,23
415,234,23,895
416,236,897,898
417,236,898,899
418,236,899,900
419,236,900,901
420,236,901,902
421,236,902,26
422,238,905,906
423,239,907,908
424,240,909,910
425,240,910,911
426,240,911,912
427,240,912,913
428,241,914,915
429,241,915,1
430,242,916,401
431,242,401,1
432,243,917,918
433,243,918,919
434,243,919,920
435,243,920,921
436,243,921,922
437,244,923,924
438,245,925,926
439,245,926,927
440,245,927,339
441,245,339,928
442,245,928,929
443,246,19,930
444,246,930,709
445,246,709,931
446,246,931,932
447,246,932,933
448,246,933,934
449,246,934,20
450,247,935,936
451,247,936,651
452,247,651,937
453,248,938,939
454,248,939,2
455,248,2,1
456,249,940,941
457,249,941,942
458,249,942,943
459,250,23,30
460,250,30,7
461,251,31,7
462,254,33,34
463,254,34,3
464,254,3,35
465,255,21,7
466,257,22,36
467,257,36,37
468,257,37,7
469,259,38,7
470,259,7,38
471,259,38,7
472,260,39,40
473,260,40,41
474,260,41,7
475,261,42,43
476,261,43,44
477,261,44,45
478,261,45,46
479,261,46,47
480,261,47,7
481,262,48,49
482,262,49,7
483,263,51,52
484,263,52,53
485,263,53,7
486,264,54,7
487,265,55,56
488,265,56,7
489,266,57,58
490,266,58,59
491,266,59,60
492,266,60,61
493,266,61,14
494,266,14,7
495,267,62,7
496,268,63,7
497,268,7,64
498,268,64,7
499,269,65,7
500,270,67,68
501,270,68,7
502,273,70,71
503,273,71,7
504,274,72,7
505,275,259,7
506,276,8,260
507,276,260,8
508,276,8,23
509,276,23,7
510,277,7,8
511,278,201,202
512,278,202,7
513,278,7,203
514,278,203,8
515,280,7,8
516,281,6,7
517,282,261,262
518,282,262,7
519,282,7,60
520,283,263,264
521,283,264,265
522,283,265,7
523,283,7,266
524,283,266,60
525,284,267,7
526,284,7,60
527,285,268,269
528,285,269,97
529,285,97,270
530,285,270,97
531,285,97,199
532,285,199,97
533,285,97,271
534,286,76,13
535,286,13,1
536,287,77,78
537,287,78,79
538,287,79,1
539,288,19,533
540,288,533,1
541,289,80,7
542,289,7,1
543,290,81,82
544,290,82,83
545,290,83,84
546,290,84,1
547,291,86,87
548,291,87,88
549,291,88,89
550,291,89,1
551,292,54,1
552,293,96,1
553,294,97,98
554,294,98,12
555,294,12,1
556,295,7,1
557,296,103,104
558,296,104,1
559,297,419,420
560,297,420,421
561,297,421,422
562,297,422,423
563,297,423,105
564,297,105,1
565,298,106,107
566,298,107,108
567,298,108,1
568,299,109,110
569,299,110,16
570,299,16,1
571,300,111,112
572,300,112,113
573,300,113,114
574,300,114,115
575,300,115,2
576,300,2,1
577,301,116,117
578,301,117,1
579,302,118,1
580,303,119,6
581,303,6,1
582,304,120,121
583,304,121,122
584,304,122,15
585,304,15,1
586,305,123,1
587,306,124,125
588,306,125,126
589,306,126,127
590,306,127,128
591,306,128,1
592,307,132,133
593,307,133,7
594,307,7,134
595,307,134,135
596,307,135,1
597,308,136,137
598,308,137,1
599,309,2,1
600,309,1,2
601,310,140,141
602,310,141,27
603,310,27,1
604,311,7,1
605,312,21,1
606,313,275,103
607,313,103,276
608,313,276,1
609,314,146,147
610,314,147,148
611,314,148,1
612,315,277,278
613,315,278,279
614,315,279,1
615,316,155,156
616,316,156,157
617,316,157,1
618,317,158,1
619,318,159,160
620,318,160,161
621,318,161,160
622,318,160,162
623,318,162,163
624,318,163,21
625,318,21,1
626,319,534,535
627,319,535,536
628,319,536,1
629,320,537,1
630,321,38,1
631,322,539,298
632,322,298,1
633,323,540,541
634,323,541,1
635,325,545,546
636,325,546,547
637,325,547,548
638,325,548,401
639,325,401,1
640,326,551,552
641,326,552,553
642,326,553,554
643,326,554,276
644,326,276,555
645,326,555,1
646,327,544,1
647,328,556,557
648,328,557,556
649,328,556,558
650,328,558,557
651,328,557,1
652,329,563,564
653,329,564,565
654,329,565,1
655,330,566,567
656,330,567,568
657,331,569,570
658,331,570,571
659,331,571,572
660,331,572,573
661,331,573,574
662,333,590,591
663,333,591,592
664,333,592,1
665,334,593,594
666,334,594,19
667,334,19,595
668,334,595,596
669,334,596,1
670,335,597,598
671,335,598,599
672,335,599,600
673,335,600,1
674,336,164,165
675,336,165,166
676,336,166,167
677,336,167,168
678,336,168,1
679,337,283,22
680,339,8,284
681,339,284,285
682,339,285,239
683,339,239,286
684,339,286,287
685,340,288,21
686,340,21,6
687,341,289,290
688,341,290,6
689,341,6,291
690,341,291,8
691,341,8,292
692,341,292,293
693,342,294,295
694,342,295,296
695,342,296,297
696,342,297,6
697,342,6,298
698,342,298,6
699,342,6,295
700,343,299,300
701,343,300,6
702,343,6,175
703,343,175,238
704,344,301,302
705,344,302,303
706,344,303,304
707,344,304,305
708,344,305,6
709,344,6,306
710,344,306,8
711,345,204,307
712,345,307,308
713,347,19,309
714,348,310,311
715,349,312,313
716,349,313,314
717,350,315,6
718,350,6,9
719,351,169,9
720,352,170,171
721,352,171,7
722,352,7,9
723,353,172,23
724,353,23,7
725,353,7,9
726,354,173,9
727,355,176,177
728,355,177,31
729,355,31,9
730,356,87,178
731,356,178,179
732,356,179,180
733,356,180,181
734,356,181,9
735,357,183,184
736,357,184,183
737,357,183,184
738,357,184,185
739,357,185,7
740,357,7,9
741,358,186,9
742,359,187,188
743,359,188,9
744,360,56,189
745,360,189,6
746,360,6,9
747,361,190,191
748,361,191,192
749,361,192,8
750,363,193,194
751,363,194,9
752,364,195,186
753,364,186,196
754,364,196,9
755,365,197,9
756,366,198,27
757,366,27,199
758,366,199,200
759,366,200,2
760,366,2,9
761,367,5,8
762,368,204,205
763,368,205,9
764,369,213,214
765,369,214,215
766,369,215,216
767,369,216,217
768,369,217,218
769,369,218,219
770,369,219,9
771,369,9,218
772,369,218,9
773,369,9,220
774,369,220,9
775,370,221,222
776,370,222,223
777,370,223,9
778,371,224,225
779,371,225,9
780,373,226,227
781,373,227,7
782,373,7,9
783,374,7,9
784,375,228,229
785,375,229,7
786,375,7,230
787,375,230,9
788,376,6,9
789,378,231,186
790,378,186,9
791,378,9,232
792,379,53,7
793,379,7,9
794,380,233,4
795,380,4,234
796,380,234,9
797,381,1065,236
798,381,236,237
799,381,237,236
800,381,236,237
801,381,237,97
802,381,97,238
803,381,238,9
804,381,9,8
805,382,239,240
806,382,240,23
807,382,23,97
808,382,97,9
809,383,241,242
810,383,242,9
811,384,243,244
812,384,244,245
813,384,245,244
814,384,244,246
815,384,246,247
816,384,247,243
817,384,243,244
818,384,244,9
819,384,9,244
820,384,244,248
821,384,248,9
822,386,249,186
823,386,186,9
824,387,250,251
825,387,251,186
826,387,186,9
827,388,252,19
828,388,19,253
829,388,253,254
830,388,254,9
831,389,255,7
832,389,7,9
833,390,256,257
834,390,257,258
835,390,258,9
836,392,317,318
837,392,318,319
838,392,319,320
839,392,320,199
840,392,199,321
841,393,1066,7
842,393,7,175
843,394,323,324
844,394,324,325
845,394,325,326
846,394,326,327
847,394,327,328
848,396,330,331
849,397,332,333
850,397,333,334
851,397,334,335
852,397,335,336
853,397,336,337
854,399,339,340
855,399,340,221
856,399,221,56
857,399,56,341
858,399,341,60
859,400,23,6
860,400,6,274
861,400,274,6
862,400,6,96
863,400,96,60
864,402,342,343
865,402,343,60
866,403,344,345
867,403,345,346
868,403,346,60
869,404,38,60
870,405,347,348
871,405,348,337
872,405,337,349
873,405,349,60
874,406,350,351
875,406,351,60
876,407,1067,353
877,407,353,60
878,408,354,355
879,408,355,356
880,408,356,357
881,408,357,60
882,409,358,223
883,409,223,359
884,409,359,60
885,410,360,60
886,411,361,362
887,411,362,363
888,411,363,191
889,411,191,60
890,412,364,365
891,412,365,366
892,412,366,367
893,412,367,27
894,412,27,60
895,413,368,369
896,413,369,370
897,413,370,371
898,413,371,60
899,414,19,372
900,414,372,373
901,414,373,374
902,414,374,375
903,414,375,376
904,414,376,377
905,414,377,60
906,415,378,379
907,415,379,380
908,415,380,381
909,415,381,382
910,415,382,190
911,415,190,60
912,416,383,191
913,416,191,384
914,416,384,60
915,418,385,386
916,418,386,387
917,418,387,388
918,418,388,6
919,418,6,60
920,419,60,389
921,419,389,60
922,420,390,60
923,421,391,392
924,421,392,97
925,421,97,60
926,422,393,394
927,422,394,395
928,422,395,396
929,422,396,397
930,422,397,60
931,423,398,74
932,423,74,60
933,425,399,400
934,425,400,60
935,425,60,401
936,426,19,402
937,426,402,60
938,428,403,60
939,429,404,60
940,430,405,406
941,430,406,60
942,431,407,408
943,431,408,409
944,431,409,60
945,432,410,411
946,432,411,60
947,433,30,238
948,435,19,50
949,436,66,19
950,437,69,19
951,438,6,412
952,438,412,102
953,439,254,7
954,439,7,3
955,439,3,945
956,440,946,3
957,440,3,947
958,441,948,26
959,441,26,3
960,442,949,950
961,442,950,951
962,442,951,952
963,442,952,953
964,442,953,954
965,442,954,673
966,442,673,3
967,442,3,308
968,443,341,3
969,443,3,955
970,444,259,874
971,444,874,3
972,445,956,3
973,446,957,958
974,446,958,192
975,446,192,3
976,447,959,960
977,447,960,961
978,447,961,962
979,447,962,3
980,449,963,4
981,449,4,964
982,449,964,3
983,450,965,3
984,451,966,967
985,451,967,968
986,451,968,969
987,452,970,971
988,452,971,972
989,452,972,973
990,452,973,974
991,452,974,199
992,452,199,975
993,452,975,3
994,452,3,635
995,452,635,102
996,453,976,977
997,453,977,175
998,453,175,978
999,453,978,3
1000,454,979,980
1001,454,980,981
1002,454,981,3
1003,455,982,3
1004,455,3,983
1005,456,74,539
1006,456,539,5
1007,456,5,169
1008,456,169,3
1009,457,984,985
1010,457,985,986
1011,457,986,987
1012,457,987,988
1013,457,988,989
1014,457,989,3
1015,458,990,3
1016,459,991,992
1017,459,992,993
1018,459,993,983
1019,459,983,3
1020,460,994,995
1021,460,995,996
1022,460,996,997
1023,460,997,998
1024,460,998,3
1025,461,999,1000
1026,461,1000,1001
1027,461,1001,3
1028,462,1002,1003
1029,462,1003,3
1030,462,3,1004
1031,463,1005,3
1032,464,1006,1007
1033,464,1007,3
1034,465,1008,38
1035,465,38,46
1036,465,46,1009
1037,465,1009,1010
1038,465,1010,1011
1039,465,1011,1012
1040,465,1012,3
1041,466,1013,767
1042,466,767,835
1043,466,835,3
1044,467,1014,1015
1045,467,1015,3
1046,468,1016,1017
1047,468,1017,3
1048,468,3,157
1049,469,1018,1019
1050,469,1019,1020
1051,469,1020,3
1052,470,193,1021
1053,470,1021,3
1054,471,1022,19
1055,471,19,3
1056,472,8,1023
1057,472,1023,1024
1058,472,1024,27
1059,472,27,1025
1060,472,1025,1026
1061,472,1026,3
1062,472,3,8
1063,473,254,3
1064,473,3,175
1065,474,1027,1028
1066,475,1029,1030
1067,475,1030,1031
1068,475,1031,1032
1069,475,1032,3
1070,476,1033,1034
1071,476,1034,199
1072,476,199,786
1073,476,786,1035
1074,476,1035,1034
1075,476,1034,3
1076,477,1036,293
1077,477,293,3
1078,477,3,1037
1079,478,1038,1039
1080,478,1039,1040
1081,478,1040,1041
1082,478,1041,1042
1083,478,1042,3
1084,479,1043,167
1085,479,167,3
1086,479,3,1044
1087,479,1044,1045
1088,479,1045,8
1089,480,51,33
1090,480,33,1046
1091,480,1046,3
1092,480,3,1047
1093,481,3,1048
1094,481,1048,1049
1095,482,1050,1051
1096,482,1051,1050
1097,482,1050,3
1098,483,1052,3
1099,484,8,1053
1100,484,1053,203
1101,484,203,3
1102,485,1054,74
1103,485,74,1055
1104,485,1055,1056
1105,485,1056,3
1106,486,1057,199
1107,486,199,1058
1108,486,1058,1059
1109,486,1059,1060
1110,486,1060,1061
1111,486,1061,3
