pattern_id,pattern_name,frequency,description
1,NonCSE->SDE,37,Engineers from non-CSE backgrounds transitioning into software engineering
2,Intern->SDE,10,Observed transition path: Intern->SDE
3,Amazon->Microsoft,7,Observed transition path: Amazon->Microsoft
4,Intern->SDE1->SDE2,5,Observed transition path: Intern->SDE1->SDE2
5,Campus->Amazon,5,Observed transition path: Campus->Amazon
6,Qualcomm->Microsoft,4,Observed transition path: Qualcomm->Microsoft
7,Amazon->Blinkit,3,Observed transition path: Amazon->Blinkit
8,Flipkart->Microsoft,3,Observed transition path: Flipkart->Microsoft
9,Zomato->Blinkit,2,Observed transition path: Zomato->Blinkit
10,Accenture->Blinkit,2,Observed transition path: Accenture->Blinkit
11,Campus->PayPal,2,Observed transition path: Campus->PayPal
12,Incedo Inc.->Amazon,1,Observed transition path: Incedo Inc.->Amazon
13,Infosys->Amazon,1,Observed transition path: Infosys->Amazon
14,Sakhatech Information Systems Pvt. Ltd->Amazon,1,Observed transition path: Sakhatech Information Systems Pvt. Ltd->Amazon
15,FactSet->Amazon,1,Observed transition path: FactSet->Amazon
16,American Express->Amazon,1,Observed transition path: American Express->Amazon
17,Campus->TCS,1,Observed transition path: Campus->TCS
18,Swiggy->Software Development Engineer III,1,Observed transition path: Swiggy->Software Development Engineer III
19,Accenture->Amazon,1,Observed transition path: Accenture->Amazon
20,MyMedGlobal->Amazon,1,Observed transition path: MyMedGlobal->Amazon
21,Zoho->Amazon,1,Observed transition path: Zoho->Amazon
22,Voice Qube->Amazon,1,Observed transition path: Voice Qube->Amazon
23,30% of development efforts leading to higher throughputs->Amazon,1,Observed transition path: 30% of development efforts leading to higher throughputs->Amazon
24,Toddle - Your Teaching Partner->Amazon,1,Observed transition path: Toddle - Your Teaching Partner->Amazon
25,TCS->Rocket,1,Observed transition path: TCS->Rocket
26,EPAM Systems->Amazon,1,Observed transition path: EPAM Systems->Amazon
27,Jio Platforms->Amazon,1,Observed transition path: Jio Platforms->Amazon
28,Samsung Electronics->Amazon,1,Observed transition path: Samsung Electronics->Amazon
29,Rippling->Amazon,1,Observed transition path: Rippling->Amazon
30,cppsecrets.com->Amazon,1,Observed transition path: cppsecrets.com->Amazon
31,Cogos Technologies Pvt Ltd->Amazon,1,Observed transition path: Cogos Technologies Pvt Ltd->Amazon
32,Josh Technology Group->Amazon,1,Observed transition path: Josh Technology Group->Amazon
33,Deloitte->TCS,1,Observed transition path: Deloitte->TCS
34,FlexTrade->Amazon,1,Observed transition path: FlexTrade->Amazon
35,Codingal->TCS,1,Observed transition path: Codingal->TCS
36,Zolo->Amazon,1,Observed transition path: Zolo->Amazon
37,MAQ Software->Amazon,1,Observed transition path: MAQ Software->Amazon
38,Flipkart->Amazon,1,Observed transition path: Flipkart->Amazon
39,Akamai Technologies->Amazon,1,Observed transition path: Akamai Technologies->Amazon
40,Wiley Edge->Amazon,1,Observed transition path: Wiley Edge->Amazon
41,Rexzet Solutions->Amazon,1,Observed transition path: Rexzet Solutions->Amazon
42,JPMorgan Chase & Co.->Apple,1,Observed transition path: JPMorgan Chase & Co.->Apple
43,e3NexT Solutions->Blinkit,1,Observed transition path: e3NexT Solutions->Blinkit
44,Prismforce->Blinkit,1,Observed transition path: Prismforce->Blinkit
45,NEWME->Blinkit,1,Observed transition path: NEWME->Blinkit
46,backend changes. Developed the project using ReactJs and ReScript.->Blinkit,1,Observed transition path: backend changes. Developed the project using ReactJs and ReScript.->Blinkit
47,Bungee Tech->Blinkit,1,Observed transition path: Bungee Tech->Blinkit
48,Jio Platforms->Blinkit,1,Observed transition path: Jio Platforms->Blinkit
49,Pocket FM->Blinkit,1,Observed transition path: Pocket FM->Blinkit
50,Yubi->Blinkit,1,Observed transition path: Yubi->Blinkit
51,MapOut->Blinkit,1,Observed transition path: MapOut->Blinkit
52,Crio.Do->Blinkit,1,Observed transition path: Crio.Do->Blinkit
53,Probo->Blinkit,1,Observed transition path: Probo->Blinkit
54,Urban Company->Blinkit,1,Observed transition path: Urban Company->Blinkit
55,significantly.->Blinkit,1,Observed transition path: significantly.->Blinkit
56,Swayam Infotech->Blinkit,1,Observed transition path: Swayam Infotech->Blinkit
57,Finrep AI->Blinkit,1,Observed transition path: Finrep AI->Blinkit
58,Lowe's India->Blinkit,1,Observed transition path: Lowe's India->Blinkit
59,FRND->Blinkit,1,Observed transition path: FRND->Blinkit
60,Meesho->Blinkit,1,Observed transition path: Meesho->Blinkit
61,Vedanta Limited - Aluminium Business->Blinkit,1,Observed transition path: Vedanta Limited - Aluminium Business->Blinkit
62,Flipkart->Blinkit,1,Observed transition path: Flipkart->Blinkit
63,Alltius->Blinkit,1,Observed transition path: Alltius->Blinkit
64,IndusianAssist Private Limited->Blinkit,1,Observed transition path: IndusianAssist Private Limited->Blinkit
65,Working in the Catalogue Mangement System team->Blinkit,1,Observed transition path: Working in the Catalogue Mangement System team->Blinkit
66,PhonePe->Blinkit,1,Observed transition path: PhonePe->Blinkit
67,WheelsEye->Blinkit,1,Observed transition path: WheelsEye->Blinkit
68,Tokopedia->Blinkit,1,Observed transition path: Tokopedia->Blinkit
69,Adobe->Blinkit,1,Observed transition path: Adobe->Blinkit
70,United Techlab->Blinkit,1,Observed transition path: United Techlab->Blinkit
71,Morgan Stanley->Blinkit,1,Observed transition path: Morgan Stanley->Blinkit
72,OYO->Blinkit,1,Observed transition path: OYO->Blinkit
73,Mindtickle->Blinkit,1,Observed transition path: Mindtickle->Blinkit
74,Yamaha Motor Solutions India Pvt.Ltd.->Blinkit,1,Observed transition path: Yamaha Motor Solutions India Pvt.Ltd.->Blinkit
75,Spinny->Blinkit,1,Observed transition path: Spinny->Blinkit
76,Scaler->Blinkit,1,Observed transition path: Scaler->Blinkit
77,Shiprocket->Blinkit,1,Observed transition path: Shiprocket->Blinkit
78,Cosedge->Blinkit,1,Observed transition path: Cosedge->Blinkit
79,Chat->Blinkit,1,Observed transition path: Chat->Blinkit
80,National engineering olympiads->Cognizant,1,Observed transition path: National engineering olympiads->Cognizant
81,Campus->Flipkart,1,Observed transition path: Campus->Flipkart
82,Elevizo->Medimaze Solutions Pvt Ltd,1,Observed transition path: Elevizo->Medimaze Solutions Pvt Ltd
83,Accenture->Flipkart,1,Observed transition path: Accenture->Flipkart
84,Impelsys->Flipkart,1,Observed transition path: Impelsys->Flipkart
85,Liv.ai->Flipkart,1,Observed transition path: Liv.ai->Flipkart
86,D Cube Analytics->Flipkart,1,Observed transition path: D Cube Analytics->Flipkart
87,LetsTransport->Google,1,Observed transition path: LetsTransport->Google
88,Publicis Sapient->Groww,1,Observed transition path: Publicis Sapient->Groww
89,Campus->,1,Observed transition path: Campus->
90,TCS->JUSPAY,1,Observed transition path: TCS->JUSPAY
91,UBS->A.P. Moller - Maersk,1,Observed transition path: UBS->A.P. Moller - Maersk
92,IBM->Microsoft,1,Observed transition path: IBM->Microsoft
93,Airtel Digital->Microsoft,1,Observed transition path: Airtel Digital->Microsoft
94,American Express->Microsoft,1,Observed transition path: American Express->Microsoft
95,Zeta->Microsoft,1,Observed transition path: Zeta->Microsoft
96,FarEye->Microsoft,1,Observed transition path: FarEye->Microsoft
97,Walmart Global Tech India->Google,1,Observed transition path: Walmart Global Tech India->Google
98,Campus->Microsoft,1,Observed transition path: Campus->Microsoft
99,PayU->Microsoft,1,Observed transition path: PayU->Microsoft
100,SmartSoC Solutions Pvt Ltd->Microsoft,1,Observed transition path: SmartSoC Solutions Pvt Ltd->Microsoft
101,"VORTEX, CSEA NIT Trichy->Microsoft",1,"Observed transition path: VORTEX, CSEA NIT Trichy->Microsoft"
102,Zomato->Microsoft,1,Observed transition path: Zomato->Microsoft
103,PhonePe->Google,1,Observed transition path: PhonePe->Google
104,Phenom People->Microsoft,1,Observed transition path: Phenom People->Microsoft
105,Pioneering Web Solutions->Microsoft,1,Observed transition path: Pioneering Web Solutions->Microsoft
106,SAP Labs India->Microsoft,1,Observed transition path: SAP Labs India->Microsoft
107,SingleStore->Microsoft,1,Observed transition path: SingleStore->Microsoft
108,slow network users.->Microsoft,1,Observed transition path: slow network users.->Microsoft
109,Expedia Group->Microsoft,1,Observed transition path: Expedia Group->Microsoft
110,Salesforce->Microsoft,1,Observed transition path: Salesforce->Microsoft
111,JPMorgan Chase & Co.->Microsoft,1,Observed transition path: JPMorgan Chase & Co.->Microsoft
112,Phenom->Microsoft,1,Observed transition path: Phenom->Microsoft
113,PES University->Microsoft,1,Observed transition path: PES University->Microsoft
114,Goldman Sachs->Microsoft,1,Observed transition path: Goldman Sachs->Microsoft
115,Joint Secretary->Microsoft,1,Observed transition path: Joint Secretary->Microsoft
116,Cogoport->Avaamo,1,Observed transition path: Cogoport->Avaamo
117,GirlScript Summer of Code->BNY,1,Observed transition path: GirlScript Summer of Code->BNY
118,Amazon->Oracle,1,Observed transition path: Amazon->Oracle
119,Vxaro technologies pvt ltd->Cybermasks software pvt ltd,1,Observed transition path: Vxaro technologies pvt ltd->Cybermasks software pvt ltd
120,Campus->BBI,1,Observed transition path: Campus->BBI
121,HCL Technologies->Synchrony,1,Observed transition path: HCL Technologies->Synchrony
122,Emirates->SAP,1,Observed transition path: Emirates->SAP
123,Acko->PayPal,1,Observed transition path: Acko->PayPal
124,Crio.Do->PayPal,1,Observed transition path: Crio.Do->PayPal
125,Pegasystems->PayPal,1,Observed transition path: Pegasystems->PayPal
126,Synechron->PayPal,1,Observed transition path: Synechron->PayPal
127,Zoho->PayPal,1,Observed transition path: Zoho->PayPal
128,Freshworks->PayPal,1,Observed transition path: Freshworks->PayPal
129,Verifone->PayPal,1,Observed transition path: Verifone->PayPal
130,Secondary users consent management for AU-CDR clients->PayPal,1,Observed transition path: Secondary users consent management for AU-CDR clients->PayPal
131,Tradable->PayPal,1,Observed transition path: Tradable->PayPal
132,udaan.com->PayPal,1,Observed transition path: udaan.com->PayPal
133,ZEE - Technology & Innovation->PayPal,1,Observed transition path: ZEE - Technology & Innovation->PayPal
134,Software Engineer->PayPal,1,Observed transition path: Software Engineer->PayPal
135,Adobe->PayPal,1,Observed transition path: Adobe->PayPal
136,Birdeye->PayPal,1,Observed transition path: Birdeye->PayPal
137,BambooBox->PayPal,1,Observed transition path: BambooBox->PayPal
138,Zoho Corporation->PayPal,1,Observed transition path: Zoho Corporation->PayPal
139,ZoomRx->PayPal,1,Observed transition path: ZoomRx->PayPal
140,Flipkart->PayPal,1,Observed transition path: Flipkart->PayPal
141,Fidelity Investments->PayPal,1,Observed transition path: Fidelity Investments->PayPal
142,JPMorgan Chase & Co.->PayPal,1,Observed transition path: JPMorgan Chase & Co.->PayPal
143,M2P Fintech->PayPal,1,Observed transition path: M2P Fintech->PayPal
144,The Sparks Foundation->PayPal,1,Observed transition path: The Sparks Foundation->PayPal
145,Telstra->PayPal,1,Observed transition path: Telstra->PayPal
146,Talentica Software->PayPal,1,Observed transition path: Talentica Software->PayPal
147,Ford Motor Company->PayPal,1,Observed transition path: Ford Motor Company->PayPal
148,TVS Motor Company->PayPal,1,Observed transition path: TVS Motor Company->PayPal
149,disputes against adversely rated merchants worldwide.->PayPal,1,Observed transition path: disputes against adversely rated merchants worldwide.->PayPal
150,Ather Energy->PayPal,1,Observed transition path: Ather Energy->PayPal
151,Wells Fargo->PayPal,1,Observed transition path: Wells Fargo->PayPal
152,FactSet->Salesforce,1,Observed transition path: FactSet->Salesforce
153,business including Native brand->Urban Company,1,Observed transition path: business including Native brand->Urban Company
154,Api partners infotech pvt ltd->Aicodecenter Technologies,1,Observed transition path: Api partners infotech pvt ltd->Aicodecenter Technologies
155,eVitalRx->AimInfologics,1,Observed transition path: eVitalRx->AimInfologics
156,Imagine Multi Services Pvt Ltd->American Express,1,Observed transition path: Imagine Multi Services Pvt Ltd->American Express
157,TCS->,1,Observed transition path: TCS->
158,Python Developer->Codezee Solutions Private Limited,1,Observed transition path: Python Developer->Codezee Solutions Private Limited
159,Campus->Colley Inc,1,Observed transition path: Campus->Colley Inc
160,Mythee Software->DharmikVibes | Spiritual Platform,1,Observed transition path: Mythee Software->DharmikVibes | Spiritual Platform
161,Campus->DoubleTick & QuickSell,1,Observed transition path: Campus->DoubleTick & QuickSell
162,Mumbai Coding Club->Ease My Ai Pvt Ltd,1,Observed transition path: Mumbai Coding Club->Ease My Ai Pvt Ltd
163,Integraate Innovations->Ecolibrium,1,Observed transition path: Integraate Innovations->Ecolibrium
164,Infinite Computer Solutions->Eggoz Nutrition,1,Observed transition path: Infinite Computer Solutions->Eggoz Nutrition
165,Campus->Eweb Infoway,1,Observed transition path: Campus->Eweb Infoway
166,Tkxel->Gelato,1,Observed transition path: Tkxel->Gelato
167,Coding Club PRPCEM->Google,1,Observed transition path: Coding Club PRPCEM->Google
168,Hashstack Solutions->Hashstack Solutions Pvt Ltd,1,Observed transition path: Hashstack Solutions->Hashstack Solutions Pvt Ltd
169,TCS->IBM,1,Observed transition path: TCS->IBM
170,Campus->Klout Club,1,Observed transition path: Campus->Klout Club
171,Campus->KOFFEEKODES INNOVATIONS PRIVATE LIMITED,1,Observed transition path: Campus->KOFFEEKODES INNOVATIONS PRIVATE LIMITED
172,Campus->Ola,1,Observed transition path: Campus->Ola
173,Orinko->Lenskart.com,1,Observed transition path: Orinko->Lenskart.com
174,Easework AI->Li4uid Ltd,1,Observed transition path: Easework AI->Li4uid Ltd
175,Arham Labs->LUZO | Backed by 100X.VC,1,Observed transition path: Arham Labs->LUZO | Backed by 100X.VC
176,Zilicon Network Solution Pvt Ltd->Mobavenue Media,1,Observed transition path: Zilicon Network Solution Pvt Ltd->Mobavenue Media
177,continued growth and success of Mogi I/O.->Mogi I/O : OTT/Podcast/Short Video Apps for you,1,Observed transition path: continued growth and success of Mogi I/O.->Mogi I/O : OTT/Podcast/Short Video Apps for you
178,Campus->MTN Haus,1,Observed transition path: Campus->MTN Haus
179,Campus->Nayaab Services,1,Observed transition path: Campus->Nayaab Services
180,Freelance->Noseberry Digitals,1,Observed transition path: Freelance->Noseberry Digitals
181,PeekaPeds->OAK TREE TECH SOLUTIONS,1,Observed transition path: PeekaPeds->OAK TREE TECH SOLUTIONS
182,Xotiv Technologies->PincodeKart,1,Observed transition path: Xotiv Technologies->PincodeKart
183,Campus->PRINCE CAPITAL,1,Observed transition path: Campus->PRINCE CAPITAL
184,Campus->QURILO TECHNOLOGIES LLC,1,Observed transition path: Campus->QURILO TECHNOLOGIES LLC
185,Propelius Technologies->Reckit,1,Observed transition path: Propelius Technologies->Reckit
186,EaseJobs->,1,Observed transition path: EaseJobs->
187,BosLeo->Skillminds,1,Observed transition path: BosLeo->Skillminds
188,KredX->SoftWebPOS,1,Observed transition path: KredX->SoftWebPOS
189,Medkart Pharmacy->TapMind,1,Observed transition path: Medkart Pharmacy->TapMind
190,TCS->Techlusion,1,Observed transition path: TCS->Techlusion
191,sapnagroup->tentwenty digital agency,1,Observed transition path: sapnagroup->tentwenty digital agency
192,Evolve Robot Lab->Vilva Networks - IT Consulting & eCommerce SaaS Company,1,Observed transition path: Evolve Robot Lab->Vilva Networks - IT Consulting & eCommerce SaaS Company
193,Campus->WebAsha Technologies,1,Observed transition path: Campus->WebAsha Technologies
194,Campus->WebDev Technology,1,Observed transition path: Campus->WebDev Technology
195,Capgemini Engineering->Wisdomleaf Technologies,1,Observed transition path: Capgemini Engineering->Wisdomleaf Technologies
196,IIIT->Microsoft,1,IIIT graduates joining Microsoft
