resource_id,title,resource_type,topic,skill_id,url,platform,difficulty,duration_hours,is_free,rating,notes
1,Complete Go Beginner's Playlist 2026,Playlist,Go,1,https://youtube.com/results?search_query=go+tutorial,YouTube,Beginner,15.0,True,4.7,High-quality structured YouTube playlist covering fundamental concepts of Go step-by-step.
2,Mastering Go Hands-On Exercises,Practice Platform,Go,1,https://github.com/topics/go-exercises,GitHub,Intermediate,20.0,True,4.8,"GitHub repository containing coding assignments, templates, and compiler-ready test cases for Go practice."
3,Go Certification & Production Architecture,Course,Go,1,https://www.coursera.org/search?query=go,Coursera,Advanced,45.0,False,4.9,Comprehensive masterclass on Go led by industry professionals with peer-reviewed grading.
4,Go Reference Manual and Best Practices,Documentation,Go,1,https://devdocs.io/go,Documentation,Beginner,8.0,True,4.9,"Official documentation, API references, configuration guides, and environment setups for Go engineers."
5,Top 50 Go Interview Questions & Answers,Article,Go,1,https://geeksforgeeks.org/go-interview-prep,GeeksForGeeks,Intermediate,4.0,True,4.6,Curated list of frequently asked conceptual and coding questions for cracking Go interviews.
6,Complete Java Beginner's Playlist 2026,Playlist,Java,2,https://youtube.com/results?search_query=java+tutorial,YouTube,Beginner,15.0,True,4.7,High-quality structured YouTube playlist covering fundamental concepts of Java step-by-step.
7,Mastering Java Hands-On Exercises,Practice Platform,Java,2,https://github.com/topics/java-exercises,GitHub,Intermediate,20.0,True,4.8,"GitHub repository containing coding assignments, templates, and compiler-ready test cases for Java practice."
8,Java Certification & Production Architecture,Course,Java,2,https://www.coursera.org/search?query=java,Coursera,Advanced,45.0,False,4.9,Comprehensive masterclass on Java led by industry professionals with peer-reviewed grading.
9,Java Reference Manual and Best Practices,Documentation,Java,2,https://devdocs.io/java,Documentation,Beginner,8.0,True,4.9,"Official documentation, API references, configuration guides, and environment setups for Java engineers."
10,Top 50 Java Interview Questions & Answers,Article,Java,2,https://geeksforgeeks.org/java-interview-prep,GeeksForGeeks,Intermediate,4.0,True,4.6,Curated list of frequently asked conceptual and coding questions for cracking Java interviews.
11,Complete Python Beginner's Playlist 2026,Playlist,Python,3,https://youtube.com/results?search_query=python+tutorial,YouTube,Beginner,15.0,True,4.7,High-quality structured YouTube playlist covering fundamental concepts of Python step-by-step.
12,Mastering Python Hands-On Exercises,Practice Platform,Python,3,https://github.com/topics/python-exercises,GitHub,Intermediate,20.0,True,4.8,"GitHub repository containing coding assignments, templates, and compiler-ready test cases for Python practice."
13,Python Certification & Production Architecture,Course,Python,3,https://www.coursera.org/search?query=python,Coursera,Advanced,45.0,False,4.9,Comprehensive masterclass on Python led by industry professionals with peer-reviewed grading.
14,Python Reference Manual and Best Practices,Documentation,Python,3,https://devdocs.io/python,Documentation,Beginner,8.0,True,4.9,"Official documentation, API references, configuration guides, and environment setups for Python engineers."
15,Top 50 Python Interview Questions & Answers,Article,Python,3,https://geeksforgeeks.org/python-interview-prep,GeeksForGeeks,Intermediate,4.0,True,4.6,Curated list of frequently asked conceptual and coding questions for cracking Python interviews.
16,Complete Kafka Beginner's Playlist 2026,Playlist,Kafka,4,https://youtube.com/results?search_query=kafka+tutorial,YouTube,Beginner,15.0,True,4.7,High-quality structured YouTube playlist covering fundamental concepts of Kafka step-by-step.
17,Mastering Kafka Hands-On Exercises,Practice Platform,Kafka,4,https://github.com/topics/kafka-exercises,GitHub,Intermediate,20.0,True,4.8,"GitHub repository containing coding assignments, templates, and compiler-ready test cases for Kafka practice."
18,Kafka Certification & Production Architecture,Course,Kafka,4,https://www.coursera.org/search?query=kafka,Coursera,Advanced,45.0,False,4.9,Comprehensive masterclass on Kafka led by industry professionals with peer-reviewed grading.
19,Kafka Reference Manual and Best Practices,Documentation,Kafka,4,https://devdocs.io/kafka,Documentation,Beginner,8.0,True,4.9,"Official documentation, API references, configuration guides, and environment setups for Kafka engineers."
20,Top 50 Kafka Interview Questions & Answers,Article,Kafka,4,https://geeksforgeeks.org/kafka-interview-prep,GeeksForGeeks,Intermediate,4.0,True,4.6,Curated list of frequently asked conceptual and coding questions for cracking Kafka interviews.
21,Complete Redis Beginner's Playlist 2026,Playlist,Redis,5,https://youtube.com/results?search_query=redis+tutorial,YouTube,Beginner,15.0,True,4.7,High-quality structured YouTube playlist covering fundamental concepts of Redis step-by-step.
22,Mastering Redis Hands-On Exercises,Practice Platform,Redis,5,https://github.com/topics/redis-exercises,GitHub,Intermediate,20.0,True,4.8,"GitHub repository containing coding assignments, templates, and compiler-ready test cases for Redis practice."
23,Redis Certification & Production Architecture,Course,Redis,5,https://www.coursera.org/search?query=redis,Coursera,Advanced,45.0,False,4.9,Comprehensive masterclass on Redis led by industry professionals with peer-reviewed grading.
24,Redis Reference Manual and Best Practices,Documentation,Redis,5,https://devdocs.io/redis,Documentation,Beginner,8.0,True,4.9,"Official documentation, API references, configuration guides, and environment setups for Redis engineers."
25,Top 50 Redis Interview Questions & Answers,Article,Redis,5,https://geeksforgeeks.org/redis-interview-prep,GeeksForGeeks,Intermediate,4.0,True,4.6,Curated list of frequently asked conceptual and coding questions for cracking Redis interviews.
26,Complete PostgreSQL Beginner's Playlist 2026,Playlist,PostgreSQL,6,https://youtube.com/results?search_query=postgresql+tutorial,YouTube,Beginner,15.0,True,4.7,High-quality structured YouTube playlist covering fundamental concepts of PostgreSQL step-by-step.
27,Mastering PostgreSQL Hands-On Exercises,Practice Platform,PostgreSQL,6,https://github.com/topics/postgresql-exercises,GitHub,Intermediate,20.0,True,4.8,"GitHub repository containing coding assignments, templates, and compiler-ready test cases for PostgreSQL practice."
28,PostgreSQL Certification & Production Architecture,Course,PostgreSQL,6,https://www.coursera.org/search?query=postgresql,Coursera,Advanced,45.0,False,4.9,Comprehensive masterclass on PostgreSQL led by industry professionals with peer-reviewed grading.
29,PostgreSQL Reference Manual and Best Practices,Documentation,PostgreSQL,6,https://devdocs.io/postgresql,Documentation,Beginner,8.0,True,4.9,"Official documentation, API references, configuration guides, and environment setups for PostgreSQL engineers."
30,Top 50 PostgreSQL Interview Questions & Answers,Article,PostgreSQL,6,https://geeksforgeeks.org/postgresql-interview-prep,GeeksForGeeks,Intermediate,4.0,True,4.6,Curated list of frequently asked conceptual and coding questions for cracking PostgreSQL interviews.
31,Complete Docker Beginner's Playlist 2026,Playlist,Docker,7,https://youtube.com/results?search_query=docker+tutorial,YouTube,Beginner,15.0,True,4.7,High-quality structured YouTube playlist covering fundamental concepts of Docker step-by-step.
32,Mastering Docker Hands-On Exercises,Practice Platform,Docker,7,https://github.com/topics/docker-exercises,GitHub,Intermediate,20.0,True,4.8,"GitHub repository containing coding assignments, templates, and compiler-ready test cases for Docker practice."
33,Docker Certification & Production Architecture,Course,Docker,7,https://www.coursera.org/search?query=docker,Coursera,Advanced,45.0,False,4.9,Comprehensive masterclass on Docker led by industry professionals with peer-reviewed grading.
34,Docker Reference Manual and Best Practices,Documentation,Docker,7,https://devdocs.io/docker,Documentation,Beginner,8.0,True,4.9,"Official documentation, API references, configuration guides, and environment setups for Docker engineers."
35,Top 50 Docker Interview Questions & Answers,Article,Docker,7,https://geeksforgeeks.org/docker-interview-prep,GeeksForGeeks,Intermediate,4.0,True,4.6,Curated list of frequently asked conceptual and coding questions for cracking Docker interviews.
36,Complete Kubernetes Beginner's Playlist 2026,Playlist,Kubernetes,8,https://youtube.com/results?search_query=kubernetes+tutorial,YouTube,Beginner,15.0,True,4.7,High-quality structured YouTube playlist covering fundamental concepts of Kubernetes step-by-step.
37,Mastering Kubernetes Hands-On Exercises,Practice Platform,Kubernetes,8,https://github.com/topics/kubernetes-exercises,GitHub,Intermediate,20.0,True,4.8,"GitHub repository containing coding assignments, templates, and compiler-ready test cases for Kubernetes practice."
38,Kubernetes Certification & Production Architecture,Course,Kubernetes,8,https://www.coursera.org/search?query=kubernetes,Coursera,Advanced,45.0,False,4.9,Comprehensive masterclass on Kubernetes led by industry professionals with peer-reviewed grading.
39,Kubernetes Reference Manual and Best Practices,Documentation,Kubernetes,8,https://devdocs.io/kubernetes,Documentation,Beginner,8.0,True,4.9,"Official documentation, API references, configuration guides, and environment setups for Kubernetes engineers."
40,Top 50 Kubernetes Interview Questions & Answers,Article,Kubernetes,8,https://geeksforgeeks.org/kubernetes-interview-prep,GeeksForGeeks,Intermediate,4.0,True,4.6,Curated list of frequently asked conceptual and coding questions for cracking Kubernetes interviews.
41,Complete gRPC Beginner's Playlist 2026,Playlist,gRPC,9,https://youtube.com/results?search_query=grpc+tutorial,YouTube,Beginner,15.0,True,4.7,High-quality structured YouTube playlist covering fundamental concepts of gRPC step-by-step.
42,Mastering gRPC Hands-On Exercises,Practice Platform,gRPC,9,https://github.com/topics/grpc-exercises,GitHub,Intermediate,20.0,True,4.8,"GitHub repository containing coding assignments, templates, and compiler-ready test cases for gRPC practice."
43,gRPC Certification & Production Architecture,Course,gRPC,9,https://www.coursera.org/search?query=grpc,Coursera,Advanced,45.0,False,4.9,Comprehensive masterclass on gRPC led by industry professionals with peer-reviewed grading.
44,gRPC Reference Manual and Best Practices,Documentation,gRPC,9,https://devdocs.io/grpc,Documentation,Beginner,8.0,True,4.9,"Official documentation, API references, configuration guides, and environment setups for gRPC engineers."
45,Top 50 gRPC Interview Questions & Answers,Article,gRPC,9,https://geeksforgeeks.org/grpc-interview-prep,GeeksForGeeks,Intermediate,4.0,True,4.6,Curated list of frequently asked conceptual and coding questions for cracking gRPC interviews.
46,Complete Microservices Beginner's Playlist 2026,Playlist,Microservices,10,https://youtube.com/results?search_query=microservices+tutorial,YouTube,Beginner,15.0,True,4.7,High-quality structured YouTube playlist covering fundamental concepts of Microservices step-by-step.
47,Mastering Microservices Hands-On Exercises,Practice Platform,Microservices,10,https://github.com/topics/microservices-exercises,GitHub,Intermediate,20.0,True,4.8,"GitHub repository containing coding assignments, templates, and compiler-ready test cases for Microservices practice."
48,Microservices Certification & Production Architecture,Course,Microservices,10,https://www.coursera.org/search?query=microservices,Coursera,Advanced,45.0,False,4.9,Comprehensive masterclass on Microservices led by industry professionals with peer-reviewed grading.
49,Microservices Reference Manual and Best Practices,Documentation,Microservices,10,https://devdocs.io/microservices,Documentation,Beginner,8.0,True,4.9,"Official documentation, API references, configuration guides, and environment setups for Microservices engineers."
50,Top 50 Microservices Interview Questions & Answers,Article,Microservices,10,https://geeksforgeeks.org/microservices-interview-prep,GeeksForGeeks,Intermediate,4.0,True,4.6,Curated list of frequently asked conceptual and coding questions for cracking Microservices interviews.
51,Complete Spring Boot Beginner's Playlist 2026,Playlist,Spring Boot,11,https://youtube.com/results?search_query=spring+boot+tutorial,YouTube,Beginner,15.0,True,4.7,High-quality structured YouTube playlist covering fundamental concepts of Spring Boot step-by-step.
52,Mastering Spring Boot Hands-On Exercises,Practice Platform,Spring Boot,11,https://github.com/topics/spring-boot-exercises,GitHub,Intermediate,20.0,True,4.8,"GitHub repository containing coding assignments, templates, and compiler-ready test cases for Spring Boot practice."
53,Spring Boot Certification & Production Architecture,Course,Spring Boot,11,https://www.coursera.org/search?query=spring boot,Coursera,Advanced,45.0,False,4.9,Comprehensive masterclass on Spring Boot led by industry professionals with peer-reviewed grading.
54,Spring Boot Reference Manual and Best Practices,Documentation,Spring Boot,11,https://devdocs.io/spring-boot,Documentation,Beginner,8.0,True,4.9,"Official documentation, API references, configuration guides, and environment setups for Spring Boot engineers."
55,Top 50 Spring Boot Interview Questions & Answers,Article,Spring Boot,11,https://geeksforgeeks.org/spring-boot-interview-prep,GeeksForGeeks,Intermediate,4.0,True,4.6,Curated list of frequently asked conceptual and coding questions for cracking Spring Boot interviews.
56,Complete NodeJS Beginner's Playlist 2026,Playlist,NodeJS,12,https://youtube.com/results?search_query=nodejs+tutorial,YouTube,Beginner,15.0,True,4.7,High-quality structured YouTube playlist covering fundamental concepts of NodeJS step-by-step.
57,Mastering NodeJS Hands-On Exercises,Practice Platform,NodeJS,12,https://github.com/topics/nodejs-exercises,GitHub,Intermediate,20.0,True,4.8,"GitHub repository containing coding assignments, templates, and compiler-ready test cases for NodeJS practice."
58,NodeJS Certification & Production Architecture,Course,NodeJS,12,https://www.coursera.org/search?query=nodejs,Coursera,Advanced,45.0,False,4.9,Comprehensive masterclass on NodeJS led by industry professionals with peer-reviewed grading.
59,NodeJS Reference Manual and Best Practices,Documentation,NodeJS,12,https://devdocs.io/nodejs,Documentation,Beginner,8.0,True,4.9,"Official documentation, API references, configuration guides, and environment setups for NodeJS engineers."
60,Top 50 NodeJS Interview Questions & Answers,Article,NodeJS,12,https://geeksforgeeks.org/nodejs-interview-prep,GeeksForGeeks,Intermediate,4.0,True,4.6,Curated list of frequently asked conceptual and coding questions for cracking NodeJS interviews.
61,Complete AWS Beginner's Playlist 2026,Playlist,AWS,13,https://youtube.com/results?search_query=aws+tutorial,YouTube,Beginner,15.0,True,4.7,High-quality structured YouTube playlist covering fundamental concepts of AWS step-by-step.
62,Mastering AWS Hands-On Exercises,Practice Platform,AWS,13,https://github.com/topics/aws-exercises,GitHub,Intermediate,20.0,True,4.8,"GitHub repository containing coding assignments, templates, and compiler-ready test cases for AWS practice."
63,AWS Certification & Production Architecture,Course,AWS,13,https://www.coursera.org/search?query=aws,Coursera,Advanced,45.0,False,4.9,Comprehensive masterclass on AWS led by industry professionals with peer-reviewed grading.
64,AWS Reference Manual and Best Practices,Documentation,AWS,13,https://devdocs.io/aws,Documentation,Beginner,8.0,True,4.9,"Official documentation, API references, configuration guides, and environment setups for AWS engineers."
65,Top 50 AWS Interview Questions & Answers,Article,AWS,13,https://geeksforgeeks.org/aws-interview-prep,GeeksForGeeks,Intermediate,4.0,True,4.6,Curated list of frequently asked conceptual and coding questions for cracking AWS interviews.
66,Complete GCP Beginner's Playlist 2026,Playlist,GCP,14,https://youtube.com/results?search_query=gcp+tutorial,YouTube,Beginner,15.0,True,4.7,High-quality structured YouTube playlist covering fundamental concepts of GCP step-by-step.
67,Mastering GCP Hands-On Exercises,Practice Platform,GCP,14,https://github.com/topics/gcp-exercises,GitHub,Intermediate,20.0,True,4.8,"GitHub repository containing coding assignments, templates, and compiler-ready test cases for GCP practice."
68,GCP Certification & Production Architecture,Course,GCP,14,https://www.coursera.org/search?query=gcp,Coursera,Advanced,45.0,False,4.9,Comprehensive masterclass on GCP led by industry professionals with peer-reviewed grading.
69,GCP Reference Manual and Best Practices,Documentation,GCP,14,https://devdocs.io/gcp,Documentation,Beginner,8.0,True,4.9,"Official documentation, API references, configuration guides, and environment setups for GCP engineers."
70,Top 50 GCP Interview Questions & Answers,Article,GCP,14,https://geeksforgeeks.org/gcp-interview-prep,GeeksForGeeks,Intermediate,4.0,True,4.6,Curated list of frequently asked conceptual and coding questions for cracking GCP interviews.
71,Complete DynamoDB Beginner's Playlist 2026,Playlist,DynamoDB,15,https://youtube.com/results?search_query=dynamodb+tutorial,YouTube,Beginner,15.0,True,4.7,High-quality structured YouTube playlist covering fundamental concepts of DynamoDB step-by-step.
72,Mastering DynamoDB Hands-On Exercises,Practice Platform,DynamoDB,15,https://github.com/topics/dynamodb-exercises,GitHub,Intermediate,20.0,True,4.8,"GitHub repository containing coding assignments, templates, and compiler-ready test cases for DynamoDB practice."
73,DynamoDB Certification & Production Architecture,Course,DynamoDB,15,https://www.coursera.org/search?query=dynamodb,Coursera,Advanced,45.0,False,4.9,Comprehensive masterclass on DynamoDB led by industry professionals with peer-reviewed grading.
74,DynamoDB Reference Manual and Best Practices,Documentation,DynamoDB,15,https://devdocs.io/dynamodb,Documentation,Beginner,8.0,True,4.9,"Official documentation, API references, configuration guides, and environment setups for DynamoDB engineers."
75,Top 50 DynamoDB Interview Questions & Answers,Article,DynamoDB,15,https://geeksforgeeks.org/dynamodb-interview-prep,GeeksForGeeks,Intermediate,4.0,True,4.6,Curated list of frequently asked conceptual and coding questions for cracking DynamoDB interviews.
76,Complete MySQL Beginner's Playlist 2026,Playlist,MySQL,16,https://youtube.com/results?search_query=mysql+tutorial,YouTube,Beginner,15.0,True,4.7,High-quality structured YouTube playlist covering fundamental concepts of MySQL step-by-step.
77,Mastering MySQL Hands-On Exercises,Practice Platform,MySQL,16,https://github.com/topics/mysql-exercises,GitHub,Intermediate,20.0,True,4.8,"GitHub repository containing coding assignments, templates, and compiler-ready test cases for MySQL practice."
78,MySQL Certification & Production Architecture,Course,MySQL,16,https://www.coursera.org/search?query=mysql,Coursera,Advanced,45.0,False,4.9,Comprehensive masterclass on MySQL led by industry professionals with peer-reviewed grading.
79,MySQL Reference Manual and Best Practices,Documentation,MySQL,16,https://devdocs.io/mysql,Documentation,Beginner,8.0,True,4.9,"Official documentation, API references, configuration guides, and environment setups for MySQL engineers."
80,Top 50 MySQL Interview Questions & Answers,Article,MySQL,16,https://geeksforgeeks.org/mysql-interview-prep,GeeksForGeeks,Intermediate,4.0,True,4.6,Curated list of frequently asked conceptual and coding questions for cracking MySQL interviews.
81,Complete ElasticSearch Beginner's Playlist 2026,Playlist,ElasticSearch,17,https://youtube.com/results?search_query=elasticsearch+tutorial,YouTube,Beginner,15.0,True,4.7,High-quality structured YouTube playlist covering fundamental concepts of ElasticSearch step-by-step.
82,Mastering ElasticSearch Hands-On Exercises,Practice Platform,ElasticSearch,17,https://github.com/topics/elasticsearch-exercises,GitHub,Intermediate,20.0,True,4.8,"GitHub repository containing coding assignments, templates, and compiler-ready test cases for ElasticSearch practice."
83,ElasticSearch Certification & Production Architecture,Course,ElasticSearch,17,https://www.coursera.org/search?query=elasticsearch,Coursera,Advanced,45.0,False,4.9,Comprehensive masterclass on ElasticSearch led by industry professionals with peer-reviewed grading.
84,ElasticSearch Reference Manual and Best Practices,Documentation,ElasticSearch,17,https://devdocs.io/elasticsearch,Documentation,Beginner,8.0,True,4.9,"Official documentation, API references, configuration guides, and environment setups for ElasticSearch engineers."
85,Top 50 ElasticSearch Interview Questions & Answers,Article,ElasticSearch,17,https://geeksforgeeks.org/elasticsearch-interview-prep,GeeksForGeeks,Intermediate,4.0,True,4.6,Curated list of frequently asked conceptual and coding questions for cracking ElasticSearch interviews.
86,Complete Django Beginner's Playlist 2026,Playlist,Django,18,https://youtube.com/results?search_query=django+tutorial,YouTube,Beginner,15.0,True,4.7,High-quality structured YouTube playlist covering fundamental concepts of Django step-by-step.
87,Mastering Django Hands-On Exercises,Practice Platform,Django,18,https://github.com/topics/django-exercises,GitHub,Intermediate,20.0,True,4.8,"GitHub repository containing coding assignments, templates, and compiler-ready test cases for Django practice."
88,Django Certification & Production Architecture,Course,Django,18,https://www.coursera.org/search?query=django,Coursera,Advanced,45.0,False,4.9,Comprehensive masterclass on Django led by industry professionals with peer-reviewed grading.
89,Django Reference Manual and Best Practices,Documentation,Django,18,https://devdocs.io/django,Documentation,Beginner,8.0,True,4.9,"Official documentation, API references, configuration guides, and environment setups for Django engineers."
90,Top 50 Django Interview Questions & Answers,Article,Django,18,https://geeksforgeeks.org/django-interview-prep,GeeksForGeeks,Intermediate,4.0,True,4.6,Curated list of frequently asked conceptual and coding questions for cracking Django interviews.
91,Complete React Beginner's Playlist 2026,Playlist,React,19,https://youtube.com/results?search_query=react+tutorial,YouTube,Beginner,15.0,True,4.7,High-quality structured YouTube playlist covering fundamental concepts of React step-by-step.
92,Mastering React Hands-On Exercises,Practice Platform,React,19,https://github.com/topics/react-exercises,GitHub,Intermediate,20.0,True,4.8,"GitHub repository containing coding assignments, templates, and compiler-ready test cases for React practice."
93,React Certification & Production Architecture,Course,React,19,https://www.coursera.org/search?query=react,Coursera,Advanced,45.0,False,4.9,Comprehensive masterclass on React led by industry professionals with peer-reviewed grading.
94,React Reference Manual and Best Practices,Documentation,React,19,https://devdocs.io/react,Documentation,Beginner,8.0,True,4.9,"Official documentation, API references, configuration guides, and environment setups for React engineers."
95,Top 50 React Interview Questions & Answers,Article,React,19,https://geeksforgeeks.org/react-interview-prep,GeeksForGeeks,Intermediate,4.0,True,4.6,Curated list of frequently asked conceptual and coding questions for cracking React interviews.
96,Complete TypeScript Beginner's Playlist 2026,Playlist,TypeScript,20,https://youtube.com/results?search_query=typescript+tutorial,YouTube,Beginner,15.0,True,4.7,High-quality structured YouTube playlist covering fundamental concepts of TypeScript step-by-step.
97,Mastering TypeScript Hands-On Exercises,Practice Platform,TypeScript,20,https://github.com/topics/typescript-exercises,GitHub,Intermediate,20.0,True,4.8,"GitHub repository containing coding assignments, templates, and compiler-ready test cases for TypeScript practice."
98,TypeScript Certification & Production Architecture,Course,TypeScript,20,https://www.coursera.org/search?query=typescript,Coursera,Advanced,45.0,False,4.9,Comprehensive masterclass on TypeScript led by industry professionals with peer-reviewed grading.
99,TypeScript Reference Manual and Best Practices,Documentation,TypeScript,20,https://devdocs.io/typescript,Documentation,Beginner,8.0,True,4.9,"Official documentation, API references, configuration guides, and environment setups for TypeScript engineers."
100,Top 50 TypeScript Interview Questions & Answers,Article,TypeScript,20,https://geeksforgeeks.org/typescript-interview-prep,GeeksForGeeks,Intermediate,4.0,True,4.6,Curated list of frequently asked conceptual and coding questions for cracking TypeScript interviews.
101,Complete NextJS Beginner's Playlist 2026,Playlist,NextJS,21,https://youtube.com/results?search_query=nextjs+tutorial,YouTube,Beginner,15.0,True,4.7,High-quality structured YouTube playlist covering fundamental concepts of NextJS step-by-step.
102,Mastering NextJS Hands-On Exercises,Practice Platform,NextJS,21,https://github.com/topics/nextjs-exercises,GitHub,Intermediate,20.0,True,4.8,"GitHub repository containing coding assignments, templates, and compiler-ready test cases for NextJS practice."
103,NextJS Certification & Production Architecture,Course,NextJS,21,https://www.coursera.org/search?query=nextjs,Coursera,Advanced,45.0,False,4.9,Comprehensive masterclass on NextJS led by industry professionals with peer-reviewed grading.
104,NextJS Reference Manual and Best Practices,Documentation,NextJS,21,https://devdocs.io/nextjs,Documentation,Beginner,8.0,True,4.9,"Official documentation, API references, configuration guides, and environment setups for NextJS engineers."
105,Top 50 NextJS Interview Questions & Answers,Article,NextJS,21,https://geeksforgeeks.org/nextjs-interview-prep,GeeksForGeeks,Intermediate,4.0,True,4.6,Curated list of frequently asked conceptual and coding questions for cracking NextJS interviews.
106,Complete Kotlin Beginner's Playlist 2026,Playlist,Kotlin,22,https://youtube.com/results?search_query=kotlin+tutorial,YouTube,Beginner,15.0,True,4.7,High-quality structured YouTube playlist covering fundamental concepts of Kotlin step-by-step.
107,Mastering Kotlin Hands-On Exercises,Practice Platform,Kotlin,22,https://github.com/topics/kotlin-exercises,GitHub,Intermediate,20.0,True,4.8,"GitHub repository containing coding assignments, templates, and compiler-ready test cases for Kotlin practice."
108,Kotlin Certification & Production Architecture,Course,Kotlin,22,https://www.coursera.org/search?query=kotlin,Coursera,Advanced,45.0,False,4.9,Comprehensive masterclass on Kotlin led by industry professionals with peer-reviewed grading.
109,Kotlin Reference Manual and Best Practices,Documentation,Kotlin,22,https://devdocs.io/kotlin,Documentation,Beginner,8.0,True,4.9,"Official documentation, API references, configuration guides, and environment setups for Kotlin engineers."
110,Top 50 Kotlin Interview Questions & Answers,Article,Kotlin,22,https://geeksforgeeks.org/kotlin-interview-prep,GeeksForGeeks,Intermediate,4.0,True,4.6,Curated list of frequently asked conceptual and coding questions for cracking Kotlin interviews.
111,Complete Android Beginner's Playlist 2026,Playlist,Android,23,https://youtube.com/results?search_query=android+tutorial,YouTube,Beginner,15.0,True,4.7,High-quality structured YouTube playlist covering fundamental concepts of Android step-by-step.
112,Mastering Android Hands-On Exercises,Practice Platform,Android,23,https://github.com/topics/android-exercises,GitHub,Intermediate,20.0,True,4.8,"GitHub repository containing coding assignments, templates, and compiler-ready test cases for Android practice."
113,Android Certification & Production Architecture,Course,Android,23,https://www.coursera.org/search?query=android,Coursera,Advanced,45.0,False,4.9,Comprehensive masterclass on Android led by industry professionals with peer-reviewed grading.
114,Android Reference Manual and Best Practices,Documentation,Android,23,https://devdocs.io/android,Documentation,Beginner,8.0,True,4.9,"Official documentation, API references, configuration guides, and environment setups for Android engineers."
115,Top 50 Android Interview Questions & Answers,Article,Android,23,https://geeksforgeeks.org/android-interview-prep,GeeksForGeeks,Intermediate,4.0,True,4.6,Curated list of frequently asked conceptual and coding questions for cracking Android interviews.
116,Complete SRE Beginner's Playlist 2026,Playlist,SRE,24,https://youtube.com/results?search_query=sre+tutorial,YouTube,Beginner,15.0,True,4.7,High-quality structured YouTube playlist covering fundamental concepts of SRE step-by-step.
117,Mastering SRE Hands-On Exercises,Practice Platform,SRE,24,https://github.com/topics/sre-exercises,GitHub,Intermediate,20.0,True,4.8,"GitHub repository containing coding assignments, templates, and compiler-ready test cases for SRE practice."
118,SRE Certification & Production Architecture,Course,SRE,24,https://www.coursera.org/search?query=sre,Coursera,Advanced,45.0,False,4.9,Comprehensive masterclass on SRE led by industry professionals with peer-reviewed grading.
119,SRE Reference Manual and Best Practices,Documentation,SRE,24,https://devdocs.io/sre,Documentation,Beginner,8.0,True,4.9,"Official documentation, API references, configuration guides, and environment setups for SRE engineers."
120,Top 50 SRE Interview Questions & Answers,Article,SRE,24,https://geeksforgeeks.org/sre-interview-prep,GeeksForGeeks,Intermediate,4.0,True,4.6,Curated list of frequently asked conceptual and coding questions for cracking SRE interviews.
121,Complete System Design Beginner's Playlist 2026,Playlist,System Design,25,https://youtube.com/results?search_query=system+design+tutorial,YouTube,Beginner,15.0,True,4.7,High-quality structured YouTube playlist covering fundamental concepts of System Design step-by-step.
122,Mastering System Design Hands-On Exercises,Practice Platform,System Design,25,https://github.com/topics/system-design-exercises,GitHub,Intermediate,20.0,True,4.8,"GitHub repository containing coding assignments, templates, and compiler-ready test cases for System Design practice."
123,System Design Certification & Production Architecture,Course,System Design,25,https://www.coursera.org/search?query=system design,Coursera,Advanced,45.0,False,4.9,Comprehensive masterclass on System Design led by industry professionals with peer-reviewed grading.
124,System Design Reference Manual and Best Practices,Documentation,System Design,25,https://devdocs.io/system-design,Documentation,Beginner,8.0,True,4.9,"Official documentation, API references, configuration guides, and environment setups for System Design engineers."
125,Top 50 System Design Interview Questions & Answers,Article,System Design,25,https://geeksforgeeks.org/system-design-interview-prep,GeeksForGeeks,Intermediate,4.0,True,4.6,Curated list of frequently asked conceptual and coding questions for cracking System Design interviews.
126,Complete Distributed Systems Beginner's Playlist 2026,Playlist,Distributed Systems,26,https://youtube.com/results?search_query=distributed+systems+tutorial,YouTube,Beginner,15.0,True,4.7,High-quality structured YouTube playlist covering fundamental concepts of Distributed Systems step-by-step.
127,Mastering Distributed Systems Hands-On Exercises,Practice Platform,Distributed Systems,26,https://github.com/topics/distributed-systems-exercises,GitHub,Intermediate,20.0,True,4.8,"GitHub repository containing coding assignments, templates, and compiler-ready test cases for Distributed Systems practice."
128,Distributed Systems Certification & Production Architecture,Course,Distributed Systems,26,https://www.coursera.org/search?query=distributed systems,Coursera,Advanced,45.0,False,4.9,Comprehensive masterclass on Distributed Systems led by industry professionals with peer-reviewed grading.
129,Distributed Systems Reference Manual and Best Practices,Documentation,Distributed Systems,26,https://devdocs.io/distributed-systems,Documentation,Beginner,8.0,True,4.9,"Official documentation, API references, configuration guides, and environment setups for Distributed Systems engineers."
130,Top 50 Distributed Systems Interview Questions & Answers,Article,Distributed Systems,26,https://geeksforgeeks.org/distributed-systems-interview-prep,GeeksForGeeks,Intermediate,4.0,True,4.6,Curated list of frequently asked conceptual and coding questions for cracking Distributed Systems interviews.
